Ship Mode,Segment,Country,City,State,Postal Code,Region,Category,Sub-Category,Sales,Quantity,Discount,Profit
Standard Class,Corporate,United States,Belleville,New Jersey,7109,East,Furniture,Furnishings,77.6,4,0,38.024
Standard Class,Corporate,United States,Belleville,New Jersey,7109,East,Office Supplies,Binders,14.28,1,0,6.5688
Standard Class,Consumer,United States,Chicago,Illinois,60623,Central,Furniture,Tables,219.075,3,0.5,-131.445
Second Class,Corporate,United States,New York City,New York,10024,East,Furniture,Furnishings,26.8,2,0,12.864
Standard Class,Corporate,United States,Taylor,Michigan,48180,Central,Office Supplies,Art,9.84,3,0,2.8536
Standard Class,Home Office,United States,Lakewood,New Jersey,8701,East,Office Supplies,Binders,45.48,3,0,20.9208
Standard Class,Home Office,United States,Lakewood,New Jersey,8701,East,Office Supplies,Art,289.2,6,0,83.868
First Class,Consumer,United States,Arlington,Virginia,22204,South,Office Supplies,Art,4.89,1,0,2.0049
Second Class,Corporate,United States,Arvada,Colorado,80004,West,Furniture,Furnishings,15.136,4,0.2,3.5948
Second Class,Corporate,United States,Arvada,Colorado,80004,West,Furniture,Chairs,466.768,2,0.2,52.5114
Second Class,Corporate,United States,Arvada,Colorado,80004,West,Furniture,Furnishings,15.232,1,0.2,1.7136
Second Class,Corporate,United States,Arvada,Colorado,80004,West,Office Supplies,Labels,6.264,3,0.2,2.0358
Standard Class,Corporate,United States,Hackensack,New Jersey,7601,East,Furniture,Furnishings,87.54,3,0,37.6422
Standard Class,Corporate,United States,Saint Petersburg,Florida,33710,South,Technology,Phones,178.384,2,0.2,22.298
Standard Class,Corporate,United States,Saint Petersburg,Florida,33710,South,Office Supplies,Paper,15.552,3,0.2,5.4432
First Class,Corporate,United States,Philadelphia,Pennsylvania,19143,East,Office Supplies,Art,99.136,4,0.2,8.6744
Standard Class,Home Office,United States,New York City,New York,10024,East,Furniture,Chairs,135.882,1,0.1,24.1568
Standard Class,Home Office,United States,New York City,New York,10024,East,Technology,Machines,3991.98,2,0,1995.99
Standard Class,Home Office,United States,New York City,New York,10024,East,Technology,Phones,275.94,6,0,80.0226
Standard Class,Home Office,United States,New York City,New York,10024,East,Technology,Accessories,360,4,0,129.6
Standard Class,Home Office,United States,New York City,New York,10024,East,Office Supplies,Storage,43.57,1,0,13.071
Standard Class,Corporate,United States,Long Beach,California,90805,West,Office Supplies,Fasteners,7.16,2,0,3.58
Standard Class,Corporate,United States,Hesperia,California,92345,West,Office Supplies,Binders,251.52,6,0.2,81.744
Standard Class,Corporate,United States,Hesperia,California,92345,West,Technology,Accessories,99.99,1,0,34.9965
Second Class,Corporate,United States,Murfreesboro,Tennessee,37130,South,Furniture,Furnishings,15.992,1,0.2,0.9995
First Class,Consumer,United States,Philadelphia,Pennsylvania,19143,East,Technology,Phones,290.898,3,0.4,-67.8762
First Class,Consumer,United States,Philadelphia,Pennsylvania,19143,East,Office Supplies,Storage,54.224,2,0.2,3.389
First Class,Consumer,United States,Philadelphia,Pennsylvania,19143,East,Furniture,Chairs,786.744,4,0.3,-258.5016
First Class,Consumer,United States,Philadelphia,Pennsylvania,19143,East,Office Supplies,Labels,100.24,10,0.2,33.831
First Class,Consumer,United States,Philadelphia,Pennsylvania,19143,East,Office Supplies,Binders,37.764,6,0.7,-27.6936
Second Class,Consumer,United States,Philadelphia,Pennsylvania,19134,East,Technology,Phones,82.8,2,0.4,-20.7
Second Class,Consumer,United States,Philadelphia,Pennsylvania,19134,East,Office Supplies,Binders,20.724,2,0.7,-13.816
Second Class,Consumer,United States,Philadelphia,Pennsylvania,19134,East,Office Supplies,Binders,4.896,3,0.7,-3.4272
Second Class,Consumer,United States,Los Angeles,California,90045,West,Office Supplies,Binders,4.752,1,0.2,1.6038
Second Class,Consumer,United States,Los Angeles,California,90045,West,Technology,Copiers,959.984,2,0.2,335.9944
Second Class,Consumer,United States,Los Angeles,California,90045,West,Office Supplies,Binders,14.368,4,0.2,4.49
Standard Class,Corporate,United States,San Francisco,California,94122,West,Office Supplies,Binders,7.712,2,0.2,2.7956
Standard Class,Corporate,United States,San Francisco,California,94122,West,Furniture,Tables,698.352,3,0.2,-17.4588
Second Class,Consumer,United States,Layton,Utah,84041,West,Office Supplies,Fasteners,4.96,4,0,2.3312
Second Class,Corporate,United States,Philadelphia,Pennsylvania,19140,East,Office Supplies,Art,17.856,4,0.2,1.116
Second Class,Corporate,United States,Philadelphia,Pennsylvania,19140,East,Office Supplies,Binders,509.97,10,0.7,-407.976
Second Class,Corporate,United States,Philadelphia,Pennsylvania,19140,East,Office Supplies,Fasteners,30.992,13,0.2,10.0724
Second Class,Corporate,United States,Philadelphia,Pennsylvania,19140,East,Technology,Phones,71.928,12,0.4,8.3916
Standard Class,Consumer,United States,Austin,Texas,78745,Central,Office Supplies,Storage,88.8,4,0.2,-2.22
Standard Class,Consumer,United States,San Francisco,California,94122,West,Technology,Phones,47.976,3,0.2,4.7976
Standard Class,Consumer,United States,Lowell,Massachusetts,1852,East,Office Supplies,Art,7.56,3,0,3.0996
Standard Class,Consumer,United States,Lowell,Massachusetts,1852,East,Office Supplies,Paper,24.56,2,0,11.5432
Standard Class,Consumer,United States,Lowell,Massachusetts,1852,East,Office Supplies,Art,12.96,2,0,4.1472
First Class,Home Office,United States,New York City,New York,10009,East,Technology,Accessories,6.79,1,0,2.3086
First Class,Home Office,United States,New York City,New York,10009,East,Office Supplies,Paper,24.56,2,0,11.5432
First Class,Home Office,United States,New York City,New York,10009,East,Office Supplies,Binders,3.048,1,0.2,1.0668
First Class,Home Office,United States,New York City,New York,10009,East,Office Supplies,Paper,49.12,4,0,23.0864
First Class,Home Office,United States,New York City,New York,10009,East,Office Supplies,Binders,4355.168,4,0.2,1415.4296
Standard Class,Consumer,United States,New York City,New York,10035,East,Furniture,Bookcases,388.704,6,0.2,-4.8588
Standard Class,Consumer,United States,New York City,New York,10035,East,Office Supplies,Envelopes,8.26,2,0,3.7996
Standard Class,Consumer,United States,New York City,New York,10035,East,Office Supplies,Art,17.04,4,0,6.9864
Standard Class,Consumer,United States,New York City,New York,10035,East,Office Supplies,Paper,34.4,5,0,15.824
Standard Class,Corporate,United States,Charlotte,North Carolina,28205,South,Office Supplies,Paper,36.24,5,0.2,11.325
First Class,Corporate,United States,Columbus,Georgia,31907,South,Office Supplies,Appliances,647.84,8,0,168.4384
First Class,Corporate,United States,Columbus,Georgia,31907,South,Office Supplies,Labels,20.7,2,0,9.936
Standard Class,Consumer,United States,New York City,New York,10009,East,Office Supplies,Labels,20.7,2,0,9.936
Standard Class,Consumer,United States,New York City,New York,10009,East,Furniture,Chairs,488.646,3,0.1,86.8704
Standard Class,Consumer,United States,New York City,New York,10009,East,Office Supplies,Art,5.56,2,0,1.4456
Standard Class,Consumer,United States,New York City,New York,10009,East,Furniture,Furnishings,47.12,8,0,20.7328
Standard Class,Consumer,United States,San Francisco,California,94109,West,Office Supplies,Storage,211.96,4,0,8.4784
Same Day,Corporate,United States,Manchester,Connecticut,6040,East,Office Supplies,Binders,23.2,4,0,10.44
Same Day,Corporate,United States,Manchester,Connecticut,6040,East,Office Supplies,Supplies,7.36,2,0,0.1472
Same Day,Corporate,United States,Manchester,Connecticut,6040,East,Office Supplies,Storage,104.79,7,0,29.3412
Same Day,Corporate,United States,Manchester,Connecticut,6040,East,Furniture,Bookcases,1043.92,4,0,271.4192
Standard Class,Consumer,United States,Harlingen,Texas,78550,Central,Office Supplies,Paper,25.92,5,0.2,9.396
Standard Class,Consumer,United States,Harlingen,Texas,78550,Central,Office Supplies,Storage,53.424,3,0.2,4.6746
Standard Class,Consumer,United States,Tucson,Arizona,85705,West,Office Supplies,Binders,8.16,5,0.7,-5.712
Standard Class,Consumer,United States,Tucson,Arizona,85705,West,Technology,Accessories,1023.936,8,0.2,179.1888
Standard Class,Consumer,United States,Tucson,Arizona,85705,West,Office Supplies,Art,9.24,1,0.2,0.924
Standard Class,Consumer,United States,Tucson,Arizona,85705,West,Technology,Accessories,479.04,10,0.2,-29.94
First Class,Corporate,United States,Quincy,Illinois,62301,Central,Office Supplies,Paper,99.136,4,0.2,30.98
Standard Class,Corporate,United States,Franklin,Massachusetts,2038,East,Furniture,Tables,1488.424,7,0.3,-297.6848
Standard Class,Consumer,United States,Houston,Texas,77095,Central,Office Supplies,Appliances,8.652,3,0.8,-20.3322
Standard Class,Consumer,United States,Houston,Texas,77095,Central,Office Supplies,Storage,23.832,3,0.2,2.6811
Standard Class,Consumer,United States,Houston,Texas,77095,Central,Office Supplies,Binders,12.176,4,0.8,-18.8728
First Class,Corporate,United States,San Francisco,California,94109,West,Office Supplies,Paper,50.96,7,0,25.48
First Class,Corporate,United States,San Francisco,California,94109,West,Office Supplies,Binders,49.536,3,0.2,17.3376
Second Class,Corporate,United States,Taylor,Michigan,48180,Central,Technology,Accessories,41.9,2,0,8.799
Standard Class,Consumer,United States,Pembroke Pines,Florida,33024,South,Furniture,Tables,375.4575,3,0.45,-157.0095
Standard Class,Consumer,United States,Pembroke Pines,Florida,33024,South,Technology,Accessories,83.976,3,0.2,-1.0497
Standard Class,Corporate,United States,Philadelphia,Pennsylvania,19140,East,Technology,Machines,482.34,4,0.7,-337.638
Standard Class,Corporate,United States,Philadelphia,Pennsylvania,19140,East,Furniture,Furnishings,2.96,1,0.2,0.777
First Class,Consumer,United States,Cincinnati,Ohio,45231,East,Office Supplies,Art,2.624,1,0.2,0.4264
Standard Class,Consumer,United States,New York City,New York,10009,East,Office Supplies,Binders,23.36,4,0.2,7.884
Standard Class,Consumer,United States,New York City,New York,10009,East,Technology,Accessories,39.98,2,0,13.5932
Second Class,Consumer,United States,Des Moines,Washington,98198,West,Technology,Phones,246.384,2,0.2,27.7182
Second Class,Consumer,United States,Des Moines,Washington,98198,West,Technology,Copiers,1799.97,3,0,701.9883
Second Class,Corporate,United States,Peoria,Illinois,61604,Central,Office Supplies,Binders,12.462,3,0.8,-20.5623
Standard Class,Home Office,United States,Las Vegas,Nevada,89115,West,Office Supplies,Binders,75.792,3,0.2,25.5798
Second Class,Corporate,United States,Warwick,Rhode Island,2886,East,Office Supplies,Storage,49.96,2,0,9.4924
Second Class,Corporate,United States,Warwick,Rhode Island,2886,East,Office Supplies,Paper,12.96,2,0,6.2208
Standard Class,Home Office,United States,Jackson,Michigan,49201,Central,Office Supplies,Supplies,70.12,4,0,21.036
Second Class,Consumer,United States,Houston,Texas,77036,Central,Office Supplies,Storage,35.952,3,0.2,3.5952
Second Class,Consumer,United States,Houston,Texas,77036,Central,Furniture,Bookcases,2396.2656,4,0.32,-317.1528
Second Class,Consumer,United States,Houston,Texas,77036,Central,Office Supplies,Storage,131.136,4,0.2,-32.784
Second Class,Consumer,United States,Houston,Texas,77036,Central,Technology,Accessories,57.584,2,0.2,0.7198
First Class,Consumer,United States,Miami,Florida,33180,South,Office Supplies,Paper,9.568,2,0.2,3.4684
Standard Class,Corporate,United States,Wilmington,North Carolina,28403,South,Office Supplies,Art,39.072,6,0.2,9.768
Standard Class,Consumer,United States,New York City,New York,10024,East,Office Supplies,Appliances,35.91,3,0,9.6957
Standard Class,Consumer,United States,San Francisco,California,94110,West,Technology,Accessories,179.95,5,0,37.7895
Standard Class,Consumer,United States,San Francisco,California,94110,West,Technology,Copiers,1199.976,3,0.2,434.9913
Standard Class,Consumer,United States,San Francisco,California,94110,West,Office Supplies,Paper,27.15,5,0,13.3035
Standard Class,Consumer,United States,San Francisco,California,94110,West,Furniture,Tables,1004.024,7,0.2,-112.9527
Standard Class,Consumer,United States,San Francisco,California,94110,West,Office Supplies,Paper,9.68,1,0,4.6464
Standard Class,Consumer,United States,San Francisco,California,94110,West,Office Supplies,Labels,28.35,9,0,13.608
Standard Class,Consumer,United States,San Francisco,California,94110,West,Office Supplies,Paper,55.98,1,0,27.4302
Standard Class,Consumer,United States,San Francisco,California,94110,West,Furniture,Bookcases,1336.829,13,0.15,31.4548
Standard Class,Consumer,United States,San Francisco,California,94110,West,Furniture,Chairs,113.568,2,0.2,-18.4548
Standard Class,Corporate,United States,Seattle,Washington,98105,West,Office Supplies,Paper,139.86,7,0,65.7342
Standard Class,Corporate,United States,Seattle,Washington,98105,West,Furniture,Chairs,307.136,4,0.2,26.8744
Standard Class,Consumer,United States,Huntington Beach,California,92646,West,Office Supplies,Art,95.92,8,0,25.8984
Standard Class,Consumer,United States,Los Angeles,California,90004,West,Furniture,Chairs,383.8,5,0.2,38.38
Standard Class,Corporate,United States,Richmond,Kentucky,40475,South,Office Supplies,Paper,5.78,1,0,2.8322
Standard Class,Corporate,United States,Los Angeles,California,90045,West,Office Supplies,Art,9.32,4,0,2.7028
Standard Class,Corporate,United States,Los Angeles,California,90045,West,Office Supplies,Envelopes,15.25,1,0,7.015
First Class,Consumer,United States,Louisville,Colorado,80027,West,Technology,Accessories,196.752,6,0.2,56.5662
Standard Class,Corporate,United States,Lawrence,Massachusetts,1841,East,Furniture,Furnishings,56.56,4,0,14.7056
Standard Class,Corporate,United States,Lawrence,Massachusetts,1841,East,Office Supplies,Storage,32.7,3,0,8.502
Second Class,Consumer,United States,Jackson,Mississippi,39212,South,Furniture,Chairs,866.4,4,0,225.264
Second Class,Corporate,United States,Canton,Michigan,48187,Central,Furniture,Furnishings,28.4,2,0,11.076
Second Class,Corporate,United States,Canton,Michigan,48187,Central,Office Supplies,Binders,287.92,8,0,138.2016
First Class,Home Office,United States,New Rochelle,New York,10801,East,Technology,Machines,69.99,1,0,30.0957
Standard Class,Corporate,United States,San Antonio,Texas,78207,Central,Office Supplies,Art,6.672,6,0.2,0.5004
Standard Class,Home Office,United States,Gastonia,North Carolina,28052,South,Office Supplies,Binders,189.588,2,0.7,-145.3508
Standard Class,Home Office,United States,Gastonia,North Carolina,28052,South,Technology,Accessories,408.744,7,0.2,76.6395
Standard Class,Home Office,United States,Gastonia,North Carolina,28052,South,Technology,Accessories,291.96,5,0.2,54.7425
Standard Class,Home Office,United States,Gastonia,North Carolina,28052,South,Office Supplies,Storage,4.768,2,0.2,-0.7748
First Class,Consumer,United States,Lowell,Massachusetts,1852,East,Office Supplies,Storage,714.3,5,0,207.147
Standard Class,Consumer,United States,Jacksonville,Florida,32216,South,Office Supplies,Binders,4.812,2,0.7,-3.6892
Standard Class,Consumer,United States,Jacksonville,Florida,32216,South,Technology,Accessories,247.8,5,0.2,-18.585
Second Class,Home Office,United States,Chicago,Illinois,60623,Central,Technology,Machines,1007.979,3,0.3,43.1991
Second Class,Home Office,United States,Chicago,Illinois,60623,Central,Office Supplies,Paper,313.488,7,0.2,113.6394
Standard Class,Corporate,United States,Houston,Texas,77070,Central,Office Supplies,Paper,31.872,8,0.2,11.5536
Second Class,Corporate,United States,New York City,New York,10024,East,Furniture,Chairs,207.846,3,0.1,2.3094
Second Class,Consumer,United States,Detroit,Michigan,48227,Central,Furniture,Furnishings,12.22,1,0,3.666
Second Class,Consumer,United States,Detroit,Michigan,48227,Central,Office Supplies,Storage,194.94,3,0,23.3928
Second Class,Consumer,United States,Detroit,Michigan,48227,Central,Office Supplies,Storage,70.95,3,0,20.5755
Second Class,Consumer,United States,Detroit,Michigan,48227,Central,Office Supplies,Paper,91.36,4,0,42.0256
Second Class,Consumer,United States,Detroit,Michigan,48227,Central,Furniture,Chairs,242.94,3,0,29.1528
Second Class,Consumer,United States,Detroit,Michigan,48227,Central,Office Supplies,Labels,22.05,7,0,10.584
Second Class,Consumer,United States,Columbus,Indiana,47201,Central,Furniture,Furnishings,2.91,1,0,1.3677
Second Class,Consumer,United States,Auburn,New York,13021,East,Office Supplies,Art,59.52,3,0,15.4752
Second Class,Consumer,United States,Auburn,New York,13021,East,Office Supplies,Storage,161.94,3,0,9.7164
Second Class,Consumer,United States,Auburn,New York,13021,East,Office Supplies,Art,263.88,6,0,71.2476
Second Class,Consumer,United States,Auburn,New York,13021,East,Office Supplies,Art,30.48,3,0,7.9248
Second Class,Consumer,United States,Auburn,New York,13021,East,Office Supplies,Art,9.84,3,0,2.8536
Second Class,Consumer,United States,Auburn,New York,13021,East,Technology,Phones,35.12,4,0,9.1312
Standard Class,Corporate,United States,Akron,Ohio,44312,East,Furniture,Tables,284.364,2,0.4,-75.8304
Standard Class,Corporate,United States,Akron,Ohio,44312,East,Office Supplies,Storage,665.408,2,0.2,66.5408
Standard Class,Corporate,United States,Norman,Oklahoma,73071,Central,Technology,Accessories,63.88,4,0,24.9132
Standard Class,Consumer,United States,Concord,California,94521,West,Furniture,Chairs,129.568,2,0.2,-24.294
Standard Class,Consumer,United States,Decatur,Illinois,62521,Central,Furniture,Chairs,747.558,3,0.3,-96.1146
Standard Class,Consumer,United States,Decatur,Illinois,62521,Central,Office Supplies,Envelopes,8.928,2,0.2,3.348
Standard Class,Consumer,United States,Seattle,Washington,98115,West,Office Supplies,Appliances,103.92,4,0,36.372
Standard Class,Consumer,United States,Seattle,Washington,98115,West,Technology,Accessories,899.91,9,0,377.9622
Standard Class,Consumer,United States,Seattle,Washington,98115,West,Office Supplies,Binders,51.312,3,0.2,18.6006
Standard Class,Home Office,United States,Phoenix,Arizona,85023,West,Furniture,Furnishings,23.56,5,0.2,7.068
Standard Class,Home Office,United States,Phoenix,Arizona,85023,West,Furniture,Tables,1272.63,6,0.5,-814.4832
Standard Class,Home Office,United States,Phoenix,Arizona,85023,West,Office Supplies,Binders,28.485,5,0.7,-20.889
Standard Class,Home Office,United States,Phoenix,Arizona,85023,West,Office Supplies,Supplies,185.376,2,0.2,-34.758
Standard Class,Home Office,United States,Phoenix,Arizona,85023,West,Office Supplies,Appliances,78.272,2,0.2,5.8704
Standard Class,Home Office,United States,Park Ridge,Illinois,60068,Central,Furniture,Furnishings,254.744,7,0.6,-312.0614
Standard Class,Corporate,United States,Amarillo,Texas,79109,Central,Furniture,Bookcases,205.3328,2,0.32,-36.2352
Second Class,Consumer,United States,Chicago,Illinois,60610,Central,Office Supplies,Binders,4.788,3,0.8,-7.9002
Standard Class,Corporate,United States,Lindenhurst,New York,11757,East,Office Supplies,Paper,55.48,1,0,26.6304
Second Class,Consumer,United States,San Francisco,California,94110,West,Office Supplies,Storage,340.92,3,0,3.4092
Second Class,Consumer,United States,San Francisco,California,94110,West,Furniture,Bookcases,222.666,2,0.15,10.4784
Second Class,Consumer,United States,San Francisco,California,94110,West,Technology,Phones,703.968,4,0.2,87.996
Second Class,Consumer,United States,San Francisco,California,94110,West,Office Supplies,Storage,92.52,6,0,24.9804
Second Class,Consumer,United States,San Francisco,California,94110,West,Office Supplies,Paper,62.65,7,0,28.819
Second Class,Consumer,United States,San Francisco,California,94110,West,Office Supplies,Paper,94.85,5,0,45.528
Standard Class,Corporate,United States,Los Angeles,California,90008,West,Technology,Phones,95.76,6,0.2,7.182
Standard Class,Consumer,United States,Troy,New York,12180,East,Furniture,Furnishings,40.2,3,0,19.296
Standard Class,Corporate,United States,New York City,New York,10024,East,Office Supplies,Art,14.7,5,0,6.615
Standard Class,Corporate,United States,New York City,New York,10024,East,Office Supplies,Storage,704.25,5,0,84.51
Standard Class,Consumer,United States,San Diego,California,92024,West,Technology,Accessories,9.09,3,0,1.9089
Standard Class,Consumer,United States,New York City,New York,10024,East,Office Supplies,Art,5.96,2,0,1.6688
Standard Class,Consumer,United States,New York City,New York,10024,East,Technology,Accessories,159.98,2,0,57.5928
First Class,Home Office,United States,Los Angeles,California,90045,West,Office Supplies,Labels,29.6,2,0,14.8
First Class,Home Office,United States,Los Angeles,California,90045,West,Furniture,Bookcases,514.165,5,0.15,-30.245
First Class,Home Office,United States,Los Angeles,California,90045,West,Technology,Phones,279.96,5,0.2,17.4975
First Class,Consumer,United States,Chicago,Illinois,60610,Central,Technology,Phones,2735.952,6,0.2,341.994
Second Class,Home Office,United States,Huntsville,Texas,77340,Central,Technology,Phones,7.992,1,0.2,0.5994
Second Class,Home Office,United States,Huntsville,Texas,77340,Central,Technology,Accessories,63.984,2,0.2,10.3974
Second Class,Home Office,United States,Huntsville,Texas,77340,Central,Office Supplies,Art,70.368,2,0.2,6.1572
Standard Class,Consumer,United States,Rochester,New York,14609,East,Office Supplies,Storage,449.15,5,0,8.983
Standard Class,Consumer,United States,Rochester,New York,14609,East,Office Supplies,Envelopes,11.07,3,0,5.0922
Standard Class,Consumer,United States,Seattle,Washington,98115,West,Technology,Accessories,93.98,2,0,13.1572
Second Class,Consumer,United States,Memphis,Tennessee,38109,South,Furniture,Tables,189.882,3,0.4,-94.941
Standard Class,Consumer,United States,Fayetteville,Arkansas,72701,South,Office Supplies,Envelopes,105.42,2,0,51.6558
Standard Class,Consumer,United States,Costa Mesa,California,92627,West,Office Supplies,Binders,119.616,8,0.2,40.3704
Standard Class,Consumer,United States,Costa Mesa,California,92627,West,Furniture,Furnishings,255.76,4,0,81.8432
Standard Class,Consumer,United States,Costa Mesa,California,92627,West,Furniture,Chairs,241.568,2,0.2,18.1176
Standard Class,Consumer,United States,Costa Mesa,California,92627,West,Furniture,Furnishings,69.3,9,0,22.869
Standard Class,Corporate,United States,Parker,Colorado,80134,West,Office Supplies,Binders,22.62,2,0.7,-15.08
Standard Class,Corporate,United States,Parker,Colorado,80134,West,Office Supplies,Binders,14.952,2,0.7,-11.9616
Standard Class,Corporate,United States,Parker,Colorado,80134,West,Furniture,Chairs,801.568,2,0.2,50.098
Standard Class,Corporate,United States,Parker,Colorado,80134,West,Office Supplies,Binders,2.376,3,0.7,-1.9008
Standard Class,Corporate,United States,Parker,Colorado,80134,West,Office Supplies,Paper,32.792,1,0.2,11.8871
Second Class,Corporate,United States,New York City,New York,10024,East,Office Supplies,Binders,15.92,5,0.2,5.373
Standard Class,Consumer,United States,Atlanta,Georgia,30318,South,Office Supplies,Art,2.74,1,0,0.7398
Standard Class,Consumer,United States,Atlanta,Georgia,30318,South,Office Supplies,Art,8.34,3,0,2.1684
Standard Class,Consumer,United States,Atlanta,Georgia,30318,South,Office Supplies,Storage,46.74,3,0,11.685
Standard Class,Consumer,United States,Atlanta,Georgia,30318,South,Office Supplies,Binders,6354.95,5,0,3177.475
First Class,Consumer,United States,Gladstone,Missouri,64118,Central,Furniture,Furnishings,126.3,3,0,40.416
First Class,Consumer,United States,Gladstone,Missouri,64118,Central,Technology,Accessories,38.04,2,0,12.1728
First Class,Consumer,United States,Newark,Ohio,43055,East,Office Supplies,Art,7.152,3,0.2,0.7152
Standard Class,Consumer,United States,Los Angeles,California,90049,West,Office Supplies,Art,6.63,3,0,1.7901
Standard Class,Consumer,United States,Los Angeles,California,90049,West,Office Supplies,Art,5.88,2,0,1.7052
Standard Class,Home Office,United States,Great Falls,Montana,59405,West,Technology,Copiers,2999.95,5,0,1379.977
Standard Class,Home Office,United States,Great Falls,Montana,59405,West,Office Supplies,Storage,51.45,3,0,13.8915
Standard Class,Home Office,United States,Great Falls,Montana,59405,West,Office Supplies,Paper,11.96,2,0,5.382
Standard Class,Home Office,United States,Great Falls,Montana,59405,West,Office Supplies,Storage,1126.02,3,0,56.301
Standard Class,Consumer,United States,Houston,Texas,77041,Central,Technology,Accessories,18.392,1,0.2,5.2877
Standard Class,Consumer,United States,Houston,Texas,77041,Central,Office Supplies,Storage,129.568,2,0.2,-25.9136
Standard Class,Consumer,United States,Houston,Texas,77041,Central,Office Supplies,Binders,14.112,9,0.8,-21.168
First Class,Corporate,United States,Detroit,Michigan,48234,Central,Furniture,Tables,210.98,2,0,21.098
First Class,Consumer,United States,Los Angeles,California,90032,West,Technology,Phones,55.176,3,0.2,-12.4146
First Class,Consumer,United States,Los Angeles,California,90032,West,Technology,Accessories,66.26,2,0,27.1666
Standard Class,Consumer,United States,Lawrence,Massachusetts,1841,East,Office Supplies,Fasteners,22.2,5,0,10.434
Standard Class,Home Office,United States,Lakeland,Florida,33801,South,Furniture,Chairs,683.952,3,0.2,42.747
Standard Class,Home Office,United States,Lakeland,Florida,33801,South,Furniture,Furnishings,45.696,3,0.2,5.1408
Standard Class,Consumer,United States,Philadelphia,Pennsylvania,19134,East,Office Supplies,Storage,36.336,3,0.2,-7.2672
Standard Class,Consumer,United States,Philadelphia,Pennsylvania,19134,East,Office Supplies,Supplies,666.248,1,0.2,-149.9058
Standard Class,Consumer,United States,Philadelphia,Pennsylvania,19134,East,Office Supplies,Envelopes,52.512,6,0.2,19.692
Second Class,Corporate,United States,Los Angeles,California,90036,West,Furniture,Chairs,190.72,1,0.2,11.92
Standard Class,Consumer,United States,Los Angeles,California,90032,West,Furniture,Furnishings,47.94,3,0,2.397
Second Class,Consumer,United States,Montgomery,Alabama,36116,South,Technology,Phones,979.95,5,0,274.386
Second Class,Consumer,United States,Montgomery,Alabama,36116,South,Office Supplies,Binders,22.75,5,0,11.375
Standard Class,Consumer,United States,Mesa,Arizona,85204,West,Office Supplies,Storage,16.768,2,0.2,1.4672
Second Class,Consumer,United States,Chicago,Illinois,60653,Central,Office Supplies,Binders,42.616,7,0.8,-68.1856
Standard Class,Home Office,United States,New York City,New York,10009,East,Office Supplies,Binders,10.752,4,0.2,3.36
Standard Class,Consumer,United States,Henderson,Kentucky,42420,South,Office Supplies,Appliances,152.94,3,0,41.2938
Standard Class,Consumer,United States,Henderson,Kentucky,42420,South,Furniture,Chairs,283.92,4,0,70.98
First Class,Consumer,United States,Green Bay,Wisconsin,54302,Central,Technology,Accessories,468.9,6,0,206.316
First Class,Corporate,United States,Tucson,Arizona,85705,West,Technology,Phones,380.864,8,0.2,38.0864
Standard Class,Consumer,United States,Springfield,Ohio,45503,East,Office Supplies,Storage,646.776,9,0.2,-145.5246
Standard Class,Consumer,United States,Fort Worth,Texas,76106,Central,Technology,Accessories,58.112,2,0.2,7.264
Standard Class,Consumer,United States,Fort Worth,Texas,76106,Central,Technology,Phones,100.792,1,0.2,6.2995
Standard Class,Consumer,United States,Fort Worth,Texas,76106,Central,Furniture,Furnishings,66.112,4,0.6,-84.2928
First Class,Home Office,United States,New York City,New York,10035,East,Office Supplies,Binders,41.28,6,0.2,13.932
First Class,Home Office,United States,New York City,New York,10035,East,Office Supplies,Paper,13.36,2,0,6.4128
Second Class,Corporate,United States,Chicago,Illinois,60653,Central,Office Supplies,Storage,250.272,9,0.2,15.642
Second Class,Corporate,United States,Chicago,Illinois,60653,Central,Office Supplies,Binders,11.364,3,0.8,-17.046
Second Class,Corporate,United States,Chicago,Illinois,60653,Central,Office Supplies,Supplies,8.72,5,0.2,-1.744
Second Class,Consumer,United States,San Francisco,California,94110,West,Furniture,Chairs,1121.568,2,0.2,0
First Class,Consumer,United States,Jacksonville,Florida,32216,South,Furniture,Furnishings,34.504,1,0.2,6.0382
Standard Class,Consumer,United States,Houston,Texas,77070,Central,Office Supplies,Fasteners,10.824,3,0.2,2.5707
Second Class,Corporate,United States,Anaheim,California,92804,West,Office Supplies,Storage,1295.78,2,0,310.9872
Second Class,Consumer,United States,Wilmington,North Carolina,28403,South,Office Supplies,Art,19.456,4,0.2,3.4048
Standard Class,Consumer,United States,Los Angeles,California,90045,West,Office Supplies,Labels,20.7,2,0,9.936
Standard Class,Consumer,United States,Los Angeles,California,90045,West,Furniture,Tables,1335.68,4,0.2,-217.048
Standard Class,Consumer,United States,Los Angeles,California,90045,West,Office Supplies,Paper,32.4,5,0,15.552
Second Class,Consumer,United States,San Francisco,California,94110,West,Furniture,Furnishings,42.6,3,0,16.614
Second Class,Consumer,United States,San Francisco,California,94110,West,Office Supplies,Binders,84.056,7,0.2,27.3182
Second Class,Consumer,United States,Tampa,Florida,33614,South,Office Supplies,Appliances,13,5,0.2,1.3
Second Class,Consumer,United States,Tampa,Florida,33614,South,Furniture,Furnishings,13.128,3,0.2,3.7743
First Class,Consumer,United States,Seattle,Washington,98105,West,Office Supplies,Fasteners,3.96,2,0,0
First Class,Consumer,United States,Seattle,Washington,98105,West,Office Supplies,Labels,2.61,1,0,1.2006
First Class,Consumer,United States,Los Angeles,California,90008,West,Technology,Phones,374.376,3,0.2,46.797
Standard Class,Corporate,United States,Seattle,Washington,98105,West,Office Supplies,Paper,91.84,8,0,45.0016
Standard Class,Corporate,United States,Seattle,Washington,98105,West,Office Supplies,Binders,81.088,7,0.2,27.3672
Standard Class,Corporate,United States,Seattle,Washington,98105,West,Office Supplies,Paper,19.44,3,0,9.3312
Standard Class,Corporate,United States,Seattle,Washington,98105,West,Furniture,Chairs,451.152,3,0.2,0
Standard Class,Consumer,United States,New York City,New York,10024,East,Office Supplies,Labels,72.45,7,0,34.776
Standard Class,Consumer,United States,New York City,New York,10024,East,Office Supplies,Fasteners,13.96,4,0,6.4216
Standard Class,Consumer,United States,New York City,New York,10024,East,Office Supplies,Binders,33.264,7,0.2,11.2266
Standard Class,Consumer,United States,New York City,New York,10024,East,Technology,Phones,14.85,3,0,4.0095
Standard Class,Consumer,United States,Marysville,Washington,98270,West,Office Supplies,Art,8.82,3,0,2.3814
Second Class,Consumer,United States,Long Beach,California,90805,West,Office Supplies,Paper,160.72,14,0,78.7528
Second Class,Consumer,United States,Long Beach,California,90805,West,Office Supplies,Paper,19.92,4,0,9.7608
Second Class,Consumer,United States,Long Beach,California,90805,West,Office Supplies,Supplies,7.3,2,0,2.19
Standard Class,Consumer,United States,Chicago,Illinois,60610,Central,Office Supplies,Storage,69.712,2,0.2,8.714
Standard Class,Consumer,United States,Chicago,Illinois,60610,Central,Furniture,Furnishings,8.792,1,0.6,-5.7148
Standard Class,Consumer,United States,Los Angeles,California,90004,West,Office Supplies,Supplies,51.52,4,0,1.5456
Standard Class,Consumer,United States,Denver,Colorado,80219,West,Technology,Phones,470.376,3,0.2,52.9173
Standard Class,Consumer,United States,Denver,Colorado,80219,West,Technology,Phones,105.584,2,0.2,9.2386
Standard Class,Consumer,United States,Denver,Colorado,80219,West,Office Supplies,Appliances,31.152,3,0.2,3.5046
Standard Class,Consumer,United States,Denver,Colorado,80219,West,Office Supplies,Binders,6.783,7,0.7,-4.7481
Standard Class,Consumer,United States,Denver,Colorado,80219,West,Technology,Phones,406.368,4,0.2,30.4776
Standard Class,Consumer,United States,Richmond,Kentucky,40475,South,Furniture,Chairs,70.98,1,0,4.9686
Standard Class,Consumer,United States,Richmond,Kentucky,40475,South,Office Supplies,Labels,294.93,3,0,144.5157
Standard Class,Consumer,United States,Salem,Oregon,97301,West,Technology,Phones,84.784,2,0.2,-20.1362
Standard Class,Consumer,United States,Salem,Oregon,97301,West,Office Supplies,Paper,20.736,4,0.2,7.2576
Standard Class,Consumer,United States,Salem,Oregon,97301,West,Office Supplies,Binders,16.821,3,0.7,-12.8961
Standard Class,Consumer,United States,Salem,Oregon,97301,West,Office Supplies,Paper,10.368,2,0.2,3.6288
Standard Class,Consumer,United States,Laredo,Texas,78041,Central,Office Supplies,Art,9.344,2,0.2,1.168
Standard Class,Consumer,United States,Laredo,Texas,78041,Central,Technology,Accessories,31.2,3,0.2,9.75
Standard Class,Consumer,United States,San Diego,California,92024,West,Office Supplies,Appliances,76.12,2,0,22.0748
Standard Class,Consumer,United States,San Diego,California,92024,West,Technology,Copiers,1199.976,3,0.2,434.9913
Standard Class,Consumer,United States,San Diego,California,92024,West,Technology,Phones,445.96,5,0.2,55.745
Standard Class,Consumer,United States,San Diego,California,92024,West,Furniture,Furnishings,327.76,8,0,91.7728
First Class,Consumer,United States,Philadelphia,Pennsylvania,19134,East,Office Supplies,Supplies,11.632,2,0.2,1.0178
Standard Class,Consumer,United States,Philadelphia,Pennsylvania,19120,East,Technology,Phones,143.982,3,0.4,-28.7964
Standard Class,Consumer,United States,Philadelphia,Pennsylvania,19120,East,Technology,Phones,494.376,4,0.4,-115.3544
Standard Class,Consumer,United States,Philadelphia,Pennsylvania,19120,East,Office Supplies,Supplies,5.84,2,0.2,0.73
